host,channel,index,start_time,get_ice_config_signaling_call,connect_signaling_client,tls_handshake_time,offer_sent_to_answer_received_time,dtls_initialization_completion,ice_hole_punching_time,first_audio_time,audio_latency_ms,first_video_time,video_latency_ms,pull_success,stable_audio,stable_video
52.83.211.74,lzgd027eb723d9fa09bd,1,'2025-06-26 03:09:34.271',152,151,99,475,147,197,'2025-06-26 03:09:35.417',1146,'2025-06-26 03:09:35.457',1186,yes,yes,yes
52.83.211.74,lzgd027eb723d9fa09bd,2,'2025-06-26 03:09:34.370',160,156,99,388,135,186,'2025-06-26 03:09:35.457',1087,'2025-06-26 03:09:35.497',1127,yes,yes,yes
52.83.211.74,lzgd027eb723d9fa09bd,3,'2025-06-26 03:09:34.467',166,171,99,389,121,171,'2025-06-26 03:09:35.397',930,'2025-06-26 03:09:35.417',950,yes,yes,yes
52.83.211.74,lzgd02fd0916320be5ec,1,'2025-06-26 03:09:37.833',147,144,99,379,133,184,'2025-06-26 03:09:38.880',1047,'2025-06-26 03:09:38.901',1068,yes,yes,yes
52.83.211.74,lzgd02fd0916320be5ec,2,'2025-06-26 03:09:37.933',152,164,99,270,125,175,'2025-06-26 03:09:38.901',968,'2025-06-26 03:09:38.941',1008,yes,yes,yes
52.83.211.74,lzgd02fd0916320be5ec,3,'2025-06-26 03:09:38.031',148,167,99,329,123,174,'2025-06-26 03:09:38.901',870,'2025-06-26 03:09:38.941',910,yes,yes,yes
52.83.211.74,lzgd0561246928bddd80,1,'2025-06-26 03:10:02.164',150,149,98,464,183,234,'2025-06-26 03:10:03.435',1271,'2025-06-26 03:10:03.435',1271,yes,no,no
52.83.211.74,lzgd0561246928bddd80,2,'2025-06-26 03:10:02.260',129,164,101,401,131,182,'2025-06-26 03:10:03.437',1177,'2025-06-26 03:10:03.437',1177,yes,no,no
52.83.211.74,lzgd0561246928bddd80,3,'2025-06-26 03:10:02.433',159,166,100,364,134,185,'2025-06-26 03:10:03.402',969,'2025-06-26 03:10:03.422',989,yes,yes,no
52.83.211.74,lzgd07f112acd312c704,1,'2025-06-26 03:10:01.143',132,178,99,417,155,206,'2025-06-26 03:10:02.392',1249,'2025-06-26 03:10:02.432',1289,yes,yes,no
52.83.211.74,lzgd07f112acd312c704,2,'2025-06-26 03:10:01.250',135,173,98,389,106,157,'2025-06-26 03:10:02.334',1084,'2025-06-26 03:10:02.352',1102,yes,yes,yes
52.83.211.74,lzgd07f112acd312c704,3,'2025-06-26 03:10:01.370',139,153,100,417,106,156,'2025-06-26 03:10:02.352',982,'2025-06-26 03:10:02.392',1022,yes,yes,no
52.83.211.74,lzgd08e4bc11b44d5d2d,1,'2025-06-26 03:09:45.701',164,151,99,426,113,163,'2025-06-26 03:09:46.841',1140,'2025-06-26 03:09:46.861',1160,yes,yes,yes
52.83.211.74,lzgd08e4bc11b44d5d2d,2,'2025-06-26 03:09:45.807',164,158,99,341,111,162,'2025-06-26 03:09:46.861',1054,'2025-06-26 03:09:46.902',1095,yes,yes,yes
52.83.211.74,lzgd08e4bc11b44d5d2d,3,'2025-06-26 03:09:45.910',147,174,99,411,119,170,'2025-06-26 03:09:46.861',951,'2025-06-26 03:09:46.901',991,yes,yes,yes
52.83.211.74,lzgd10eb690a12b4d19e,1,'2025-06-26 03:09:39.042',147,169,99,529,139,190,'2025-06-26 03:09:40.324',1282,'2025-06-26 03:09:40.364',1322,yes,yes,yes
52.83.211.74,lzgd10eb690a12b4d19e,2,'2025-06-26 03:09:39.142',173,151,99,463,133,183,'2025-06-26 03:09:40.304',1162,'2025-06-26 03:09:40.324',1182,yes,yes,yes
52.83.211.74,lzgd10eb690a12b4d19e,3,'2025-06-26 03:09:39.240',154,172,100,383,116,166,'2025-06-26 03:09:40.324',1084,'2025-06-26 03:09:40.364',1124,yes,yes,yes
52.83.211.74,lzgd11fed05efd7c2acc,1,'2025-06-26 03:09:45.041',150,164,99,460,109,159,'2025-06-26 03:09:46.185',1144,'2025-06-26 03:09:46.225',1184,yes,yes,yes
52.83.211.74,lzgd11fed05efd7c2acc,2,'2025-06-26 03:09:45.136',147,163,99,389,135,185,'2025-06-26 03:09:46.226',1090,'2025-06-26 03:09:46.266',1130,yes,yes,yes
52.83.211.74,lzgd11fed05efd7c2acc,3,'2025-06-26 03:09:45.235',136,158,99,430,121,172,'2025-06-26 03:09:46.165',930,'2025-06-26 03:09:46.186',951,yes,yes,yes
52.83.211.74,lzgd13ad3c1b7422e0ea,1,'2025-06-26 03:09:54.689',135,183,99,429,119,170,'2025-06-26 03:09:55.818',1129,'2025-06-26 03:09:55.838',1149,yes,yes,yes
52.83.211.74,lzgd13ad3c1b7422e0ea,2,'2025-06-26 03:09:54.788',135,153,99,397,143,193,'2025-06-26 03:09:55.878',1090,'2025-06-26 03:09:55.918',1130,yes,yes,yes
52.83.211.74,lzgd13ad3c1b7422e0ea,3,'2025-06-26 03:09:54.887',134,154,100,426,122,173,'2025-06-26 03:09:55.838',951,'2025-06-26 03:09:55.878',991,yes,yes,yes
52.83.211.74,lzgd140a32512ec25709,1,'2025-06-26 03:09:58.526',141,153,100,482,130,181,'2025-06-26 03:09:59.721',1195,'2025-06-26 03:09:59.742',1216,yes,no,yes
52.83.211.74,lzgd140a32512ec25709,2,'2025-06-26 03:09:58.620',129,181,99,444,120,170,'2025-06-26 03:09:59.741',1121,'2025-06-26 03:09:59.781',1161,yes,yes,yes
52.83.211.74,lzgd140a32512ec25709,3,'2025-06-26 03:09:58.721',141,149,99,493,123,174,'2025-06-26 03:09:59.741',1020,'2025-06-26 03:09:59.781',1060,yes,no,yes
52.83.211.74,lzgd15f6d690d219f24c,1,'2025-06-26 03:09:36.946',151,157,99,526,147,198,'2025-06-26 03:09:38.155',1209,'2025-06-26 03:09:38.194',1248,yes,yes,yes
52.83.211.74,lzgd15f6d690d219f24c,2,'2025-06-26 03:09:37.044',168,141,99,403,113,164,'2025-06-26 03:09:38.154',1110,'2025-06-26 03:09:38.194',1150,yes,yes,yes
52.83.211.74,lzgd15f6d690d219f24c,3,'2025-06-26 03:09:37.143',173,158,99,453,122,173,'2025-06-26 03:09:38.134',991,'2025-06-26 03:09:38.155',1012,yes,yes,yes
52.83.211.74,lzgd1762ac30d8afa9df,1,'2025-06-26 03:09:39.633',138,156,99,474,120,170,'2025-06-26 03:09:40.796',1163,'2025-06-26 03:09:40.836',1203,yes,yes,yes
52.83.211.74,lzgd1762ac30d8afa9df,2,'2025-06-26 03:09:39.734',154,143,99,394,106,156,'2025-06-26 03:09:40.796',1062,'2025-06-26 03:09:40.836',1102,yes,yes,yes
52.83.211.74,lzgd1762ac30d8afa9df,3,'2025-06-26 03:09:39.831',152,148,99,427,134,184,'2025-06-26 03:09:40.776',945,'2025-06-26 03:09:40.796',965,yes,yes,yes
52.83.211.74,lzgd18c75f902f6aa885,1,'2025-06-26 03:09:50.325',140,171,99,513,131,181,'2025-06-26 03:09:51.564',1239,'2025-06-26 03:09:51.584',1259,yes,yes,yes
52.83.211.74,lzgd18c75f902f6aa885,2,'2025-06-26 03:09:50.426',147,148,99,448,119,169,'2025-06-26 03:09:51.564',1138,'2025-06-26 03:09:51.584',1158,yes,yes,yes
52.83.211.74,lzgd18c75f902f6aa885,3,'2025-06-26 03:09:50.527',138,155,99,504,114,165,'2025-06-26 03:09:51.525',998,'2025-06-26 03:09:51.544',1017,yes,yes,yes
52.83.211.74,lzgd19648f6e54d68ebb,1,'2025-06-26 03:09:36.649',154,165,99,480,113,163,'2025-06-26 03:09:37.799',1150,'2025-06-26 03:09:37.819',1170,yes,yes,yes
52.83.211.74,lzgd19648f6e54d68ebb,2,'2025-06-26 03:09:36.748',167,150,100,375,150,201,'2025-06-26 03:09:37.859',1111,'2025-06-26 03:09:37.899',1151,yes,yes,yes
52.83.211.74,lzgd19648f6e54d68ebb,3,'2025-06-26 03:09:36.847',131,150,99,473,129,180,'2025-06-26 03:09:37.819',972,'2025-06-26 03:09:37.859',1012,yes,yes,yes
52.83.211.74,lzgd1d5a6226e5b4bf2b,1,'2025-06-26 03:10:01.457',152,164,100,467,126,176,'2025-06-26 03:10:02.754',1297,'2025-06-26 03:10:02.794',1337,yes,no,no
52.83.211.74,lzgd1d5a6226e5b4bf2b,2,'2025-06-26 03:10:01.555',149,189,100,382,117,168,'2025-06-26 03:10:02.754',1199,'2025-06-26 03:10:02.795',1240,yes,no,yes
52.83.211.74,lzgd1d5a6226e5b4bf2b,3,'2025-06-26 03:10:01.796',138,151,99,418,114,165,'2025-06-26 03:10:02.734',938,'2025-06-26 03:10:02.755',959,yes,yes,yes
52.83.211.74,lzgd1da1babbb1010ee7,1,'2025-06-26 03:09:51.523',150,157,99,454,133,183,'2025-06-26 03:09:52.671',1148,'2025-06-26 03:09:52.692',1169,yes,yes,yes
52.83.211.74,lzgd1da1babbb1010ee7,2,'2025-06-26 03:09:51.623',134,149,100,405,118,168,'2025-06-26 03:09:52.691',1068,'2025-06-26 03:09:52.731',1108,yes,yes,yes
52.83.211.74,lzgd1da1babbb1010ee7,3,'2025-06-26 03:09:51.722',150,156,99,430,131,182,'2025-06-26 03:09:52.692',970,'2025-06-26 03:09:52.731',1009,yes,yes,yes
52.83.211.74,lzgd1e6181f4e0987357,1,'2025-06-26 03:09:49.717',174,157,99,472,114,164,'2025-06-26 03:09:50.898',1181,'2025-06-26 03:09:50.918',1201,yes,yes,yes
52.83.211.74,lzgd1e6181f4e0987357,2,'2025-06-26 03:09:49.824',154,148,101,401,115,165,'2025-06-26 03:09:50.918',1094,'2025-06-26 03:09:50.958',1134,yes,yes,yes
52.83.211.74,lzgd1e6181f4e0987357,3,'2025-06-26 03:09:49.919',151,173,99,437,134,184,'2025-06-26 03:09:50.918',999,'2025-06-26 03:09:50.958',1039,yes,yes,yes
52.83.211.74,lzgd22c38453eee4dcd2,1,'2025-06-26 03:09:57.294',158,152,100,479,120,171,'2025-06-26 03:09:58.472',1178,'2025-06-26 03:09:58.491',1197,yes,yes,yes
52.83.211.74,lzgd22c38453eee4dcd2,2,'2025-06-26 03:09:57.396',162,156,100,420,110,161,'2025-06-26 03:09:58.491',1095,'2025-06-26 03:09:58.531',1135,yes,yes,yes
52.83.211.74,lzgd22c38453eee4dcd2,3,'2025-06-26 03:09:57.505',154,165,99,437,127,177,'2025-06-26 03:09:58.491',986,'2025-06-26 03:09:58.531',1026,yes,yes,yes
52.83.211.74,lzgd248a705ea1365e60,1,'2025-06-26 03:09:30.724',161,161,99,507,109,159,'2025-06-26 03:09:31.912',1188,'2025-06-26 03:09:31.952',1228,yes,yes,yes
52.83.211.74,lzgd248a705ea1365e60,2,'2025-06-26 03:09:30.822',152,166,99,425,143,193,'2025-06-26 03:09:31.952',1130,'2025-06-26 03:09:31.992',1170,yes,yes,yes
52.83.211.74,lzgd248a705ea1365e60,3,'2025-06-26 03:09:30.922',141,148,99,479,120,170,'2025-06-26 03:09:31.891',969,'2025-06-26 03:09:31.911',989,yes,yes,yes
52.83.211.74,lzgd2ad7456ef4fcba4f,1,'2025-06-26 03:09:39.929',145,164,99,530,133,183,'2025-06-26 03:09:41.161',1232,'2025-06-26 03:09:41.201',1272,yes,yes,yes
52.83.211.74,lzgd2ad7456ef4fcba4f,2,'2025-06-26 03:09:40.028',153,188,99,424,107,157,'2025-06-26 03:09:41.161',1133,'2025-06-26 03:09:41.201',1173,yes,yes,yes
52.83.211.74,lzgd2ad7456ef4fcba4f,3,'2025-06-26 03:09:40.128',155,162,99,499,114,165,'2025-06-26 03:09:41.141',1013,'2025-06-26 03:09:41.161',1033,yes,yes,yes
52.83.211.74,lzgd2b52b3c17c7061b9,1,'2025-06-26 03:09:53.783',131,157,100,463,137,188,'2025-06-26 03:09:54.963',1180,'2025-06-26 03:09:55.002',1219,yes,yes,yes
52.83.211.74,lzgd2b52b3c17c7061b9,2,'2025-06-26 03:09:53.883',143,170,99,393,150,200,'2025-06-26 03:09:55.023',1140,'2025-06-26 03:09:55.042',1159,yes,yes,yes
52.83.211.74,lzgd2b52b3c17c7061b9,3,'2025-06-26 03:09:53.982',135,147,100,463,127,178,'2025-06-26 03:09:54.942',960,'2025-06-26 03:09:54.962',980,yes,no,yes
52.83.211.74,lzgd2cbd00e104249138,1,'2025-06-26 03:09:46.606',147,148,99,501,124,174,'2025-06-26 03:09:47.767',1161,'2025-06-26 03:09:47.807',1201,yes,yes,yes
52.83.211.74,lzgd2cbd00e104249138,2,'2025-06-26 03:09:46.700',154,162,99,368,115,165,'2025-06-26 03:09:47.768',1068,'2025-06-26 03:09:47.808',1108,yes,yes,yes
52.83.211.74,lzgd2cbd00e104249138,3,'2025-06-26 03:09:46.799',173,155,100,415,121,171,'2025-06-26 03:09:47.747',948,'2025-06-26 03:09:47.768',969,yes,yes,yes
52.83.211.74,lzgd303a6b7b504a23ac,1,'2025-06-26 03:09:35.762',145,175,99,515,104,155,'2025-06-26 03:09:36.988',1226,'2025-06-26 03:09:37.008',1246,yes,yes,yes
52.83.211.74,lzgd303a6b7b504a23ac,2,'2025-06-26 03:09:35.861',164,157,99,412,125,175,'2025-06-26 03:09:37.028',1167,'2025-06-26 03:09:37.048',1187,yes,yes,yes
52.83.211.74,lzgd303a6b7b504a23ac,3,'2025-06-26 03:09:35.958',141,148,99,403,112,162,'2025-06-26 03:09:37.028',1070,'2025-06-26 03:09:37.048',1090,yes,yes,yes
52.83.211.74,lzgd3aa900b52fd38806,1,'2025-06-26 03:09:36.352',143,156,99,481,143,193,'2025-06-26 03:09:37.505',1153,'2025-06-26 03:09:37.545',1193,yes,yes,yes
52.83.211.74,lzgd3aa900b52fd38806,2,'2025-06-26 03:09:36.451',160,169,99,353,114,164,'2025-06-26 03:09:37.505',1054,'2025-06-26 03:09:37.545',1094,yes,yes,yes
52.83.211.74,lzgd3aa900b52fd38806,3,'2025-06-26 03:09:36.550',164,161,99,412,115,165,'2025-06-26 03:09:37.485',935,'2025-06-26 03:09:37.505',955,yes,yes,yes
52.83.211.74,lzgd3b4de3108b2a57d1,1,'2025-06-26 03:09:56.390',137,162,99,502,126,178,'2025-06-26 03:09:57.601',1211,'2025-06-26 03:09:57.641',1251,yes,yes,yes
52.83.211.74,lzgd3b4de3108b2a57d1,2,'2025-06-26 03:09:56.489',132,172,99,445,149,199,'2025-06-26 03:09:57.642',1153,'2025-06-26 03:09:57.681',1192,yes,yes,yes
52.83.211.74,lzgd3b4de3108b2a57d1,3,'2025-06-26 03:09:56.596',159,156,99,455,127,178,'2025-06-26 03:09:57.581',985,'2025-06-26 03:09:57.603',1007,yes,yes,yes
52.83.211.74,lzgd3cac95fa9d6edf90,1,'2025-06-26 03:09:40.820',140,173,99,445,138,189,'2025-06-26 03:09:41.945',1125,'2025-06-26 03:09:41.965',1145,yes,yes,yes
52.83.211.74,lzgd3cac95fa9d6edf90,2,'2025-06-26 03:09:40.917',133,144,99,399,123,173,'2025-06-26 03:09:41.965',1048,'2025-06-26 03:09:42.005',1088,yes,yes,yes
52.83.211.74,lzgd3cac95fa9d6edf90,3,'2025-06-26 03:09:41.018',137,153,99,420,134,185,'2025-06-26 03:09:41.965',947,'2025-06-26 03:09:42.005',987,yes,yes,yes
52.83.211.74,lzgd4782b152d37fabdf,1,'2025-06-26 03:09:52.583',172,156,99,532,102,153,'2025-06-26 03:09:53.792',1209,'2025-06-26 03:09:53.812',1229,yes,yes,yes
52.83.211.74,lzgd4782b152d37fabdf,2,'2025-06-26 03:09:52.679',132,186,99,456,110,161,'2025-06-26 03:09:53.832',1153,'2025-06-26 03:09:53.852',1173,yes,yes,yes
52.83.211.74,lzgd4782b152d37fabdf,3,'2025-06-26 03:09:52.780',145,175,99,511,114,164,'2025-06-26 03:09:53.832',1052,'2025-06-26 03:09:53.852',1072,yes,yes,yes
52.83.211.74,lzgd47a3c029f3767795,1,'2025-06-26 03:09:43.555',138,159,99,511,151,202,'2025-06-26 03:09:44.773',1218,'2025-06-26 03:09:44.813',1258,yes,yes,yes
52.83.211.74,lzgd47a3c029f3767795,2,'2025-06-26 03:09:43.651',140,158,100,406,148,198,'2025-06-26 03:09:44.773',1122,'2025-06-26 03:09:44.813',1162,yes,yes,yes
52.83.211.74,lzgd47a3c029f3767795,3,'2025-06-26 03:09:43.749',138,176,99,456,108,158,'2025-06-26 03:09:44.713',964,'2025-06-26 03:09:44.733',984,yes,yes,yes
52.83.211.74,lzgd4f34ad441cbe809e,1,'2025-06-26 03:09:40.523',150,163,99,507,107,158,'2025-06-26 03:09:41.692',1169,'2025-06-26 03:09:41.712',1189,yes,yes,yes
52.83.211.74,lzgd4f34ad441cbe809e,2,'2025-06-26 03:09:40.624',138,163,99,442,137,187,'2025-06-26 03:09:41.772',1148,'2025-06-26 03:09:41.792',1168,yes,yes,yes
52.83.211.74,lzgd4f34ad441cbe809e,3,'2025-06-26 03:09:40.722',151,149,99,482,121,171,'2025-06-26 03:09:41.712',990,'2025-06-26 03:09:41.752',1030,yes,yes,yes
52.83.211.74,lzgd53c3bf4c1bcb3765,1,'2025-06-26 03:09:49.121',147,189,99,488,143,193,'2025-06-26 03:09:50.378',1257,'2025-06-26 03:09:50.417',1296,yes,yes,yes
52.83.211.74,lzgd53c3bf4c1bcb3765,2,'2025-06-26 03:09:49.223',133,170,99,451,104,155,'2025-06-26 03:09:50.378',1155,'2025-06-26 03:09:50.417',1194,yes,yes,yes
52.83.211.74,lzgd53c3bf4c1bcb3765,3,'2025-06-26 03:09:49.322',139,169,102,340,118,168,'2025-06-26 03:09:50.357',1035,'2025-06-26 03:09:50.377',1055,yes,yes,yes
52.83.211.74,lzgd5496a7907243e22d,1,'2025-06-26 03:09:29.255',146,180,99,495,109,159,'2025-06-26 03:09:30.624',1369,'2025-06-26 03:09:30.645',1390,yes,yes,yes
52.83.211.74,lzgd5496a7907243e22d,2,'2025-06-26 03:09:29.348',227,151,99,484,117,167,'2025-06-26 03:09:30.645',1297,'2025-06-26 03:09:30.685',1337,yes,yes,yes
52.83.211.74,lzgd5496a7907243e22d,3,'2025-06-26 03:09:29.446',207,184,99,468,144,194,'2025-06-26 03:09:30.705',1259,'2025-06-26 03:09:30.725',1279,yes,yes,yes
52.83.211.74,lzgd58b43ce4fbfb6103,1,'2025-06-26 03:10:01.803',143,173,99,474,162,213,'2025-06-26 03:10:03.065',1262,'2025-06-26 03:10:03.102',1299,yes,no,yes
52.83.211.74,lzgd58b43ce4fbfb6103,2,'2025-06-26 03:10:01.926',145,182,99,325,102,156,'2025-06-26 03:10:03.003',1077,'2025-06-26 03:10:03.023',1097,yes,no,yes
52.83.211.74,lzgd58b43ce4fbfb6103,3,'2025-06-26 03:10:02.033',158,152,100,438,153,204,'2025-06-26 03:10:03.065',1032,'2025-06-26 03:10:03.102',1069,yes,yes,yes
52.83.211.74,lzgd5d7bdc6242781982,1,'2025-06-26 03:09:43.848',136,163,100,465,101,152,'2025-06-26 03:09:44.958',1110,'2025-06-26 03:09:44.978',1130,yes,yes,yes
52.83.211.74,lzgd5d7bdc6242781982,2,'2025-06-26 03:09:43.949',135,168,99,341,124,174,'2025-06-26 03:09:44.999',1050,'2025-06-26 03:09:45.019',1070,yes,yes,yes
52.83.211.74,lzgd5d7bdc6242781982,3,'2025-06-26 03:09:44.047',152,158,99,414,126,176,'2025-06-26 03:09:44.999',952,'2025-06-26 03:09:45.018',971,yes,yes,yes
52.83.211.74,lzgd60622774ad88ca9c,1,'2025-06-26 03:09:32.795',132,172,99,562,105,155,'2025-06-26 03:09:34.011',1216,'2025-06-26 03:09:34.051',1256,yes,yes,yes
52.83.211.74,lzgd60622774ad88ca9c,2,'2025-06-26 03:09:32.893',130,148,99,463,107,158,'2025-06-26 03:09:34.011',1118,'2025-06-26 03:09:34.051',1158,yes,yes,yes
52.83.211.74,lzgd60622774ad88ca9c,3,'2025-06-26 03:09:32.991',153,173,99,482,110,161,'2025-06-26 03:09:33.991',1000,'2025-06-26 03:09:34.011',1020,yes,yes,yes
52.83.211.74,lzgd6103cf739e1a84f6,1,'2025-06-26 03:09:43.252',140,187,99,474,105,157,'2025-06-26 03:09:44.404',1152,'2025-06-26 03:09:44.444',1192,yes,yes,yes
52.83.211.74,lzgd6103cf739e1a84f6,2,'2025-06-26 03:09:43.352',166,163,99,338,110,160,'2025-06-26 03:09:44.404',1052,'2025-06-26 03:09:44.444',1092,yes,yes,yes
52.83.211.74,lzgd6103cf739e1a84f6,3,'2025-06-26 03:09:43.454',167,146,100,403,111,178,'2025-06-26 03:09:44.384',930,'2025-06-26 03:09:44.405',951,yes,yes,yes
52.83.211.74,lzgd64a35bc2d758e316,1,'2025-06-26 03:09:54.986',216,148,99,454,120,170,'2025-06-26 03:09:56.179',1193,'2025-06-26 03:09:56.199',1213,yes,yes,yes
52.83.211.74,lzgd64a35bc2d758e316,2,'2025-06-26 03:09:55.084',160,154,99,385,118,168,'2025-06-26 03:09:56.199',1115,'2025-06-26 03:09:56.239',1155,yes,yes,yes
52.83.211.74,lzgd64a35bc2d758e316,3,'2025-06-26 03:09:55.256',145,163,99,393,133,183,'2025-06-26 03:09:56.200',944,'2025-06-26 03:09:56.238',982,yes,yes,yes
52.83.211.74,lzgd666b11a37776534d,1,'2025-06-26 03:09:41.414',148,156,99,424,121,171,'2025-06-26 03:09:42.494',1080,'2025-06-26 03:09:42.514',1100,yes,yes,yes
52.83.211.74,lzgd666b11a37776534d,2,'2025-06-26 03:09:41.518',149,162,99,304,121,171,'2025-06-26 03:09:42.514',996,'2025-06-26 03:09:42.555',1037,yes,yes,yes
52.83.211.74,lzgd666b11a37776534d,3,'2025-06-26 03:09:41.615',169,157,99,346,127,177,'2025-06-26 03:09:42.513',898,'2025-06-26 03:09:42.555',940,yes,yes,yes
52.83.211.74,lzgd68b8965d1bae607f,1,'2025-06-26 03:09:39.339',134,160,100,476,127,177,'2025-06-26 03:09:40.459',1120,'2025-06-26 03:09:40.479',1140,yes,yes,yes
52.83.211.74,lzgd68b8965d1bae607f,2,'2025-06-26 03:09:39.436',151,146,99,365,115,165,'2025-06-26 03:09:40.479',1043,'2025-06-26 03:09:40.519',1083,yes,yes,yes
52.83.211.74,lzgd68b8965d1bae607f,3,'2025-06-26 03:09:39.535',146,165,99,413,122,173,'2025-06-26 03:09:40.479',944,'2025-06-26 03:09:40.519',984,yes,yes,yes
52.83.211.74,lzgd69c9cd5e2fd9057a,1,'2025-06-26 03:09:50.024',167,151,99,514,106,156,'2025-06-26 03:09:51.211',1187,'2025-06-26 03:09:51.231',1207,yes,yes,yes
52.83.211.74,lzgd69c9cd5e2fd9057a,2,'2025-06-26 03:09:50.121',138,160,99,472,118,168,'2025-06-26 03:09:51.251',1130,'2025-06-26 03:09:51.271',1150,yes,yes,yes
52.83.211.74,lzgd69c9cd5e2fd9057a,3,'2025-06-26 03:09:50.219',146,146,99,497,138,189,'2025-06-26 03:09:51.251',1032,'2025-06-26 03:09:51.271',1052,yes,yes,yes
52.83.211.74,lzgd70083471b86c55fd,1,'2025-06-26 03:09:51.222',133,165,99,490,133,184,'2025-06-26 03:09:52.385',1163,'2025-06-26 03:09:52.406',1184,yes,yes,yes
52.83.211.74,lzgd70083471b86c55fd,2,'2025-06-26 03:09:51.323',140,150,99,413,109,160,'2025-06-26 03:09:52.406',1083,'2025-06-26 03:09:52.445',1122,yes,yes,yes
52.83.211.74,lzgd70083471b86c55fd,3,'2025-06-26 03:09:51.416',165,167,99,418,136,187,'2025-06-26 03:09:52.406',990,'2025-06-26 03:09:52.445',1029,yes,yes,yes
52.83.211.74,lzgd707f581064374ffe,1,'2025-06-26 03:10:00.841',159,168,100,487,126,179,'2025-06-26 03:10:02.083',1242,'2025-06-26 03:10:02.120',1279,yes,yes,yes
52.83.211.74,lzgd707f581064374ffe,2,'2025-06-26 03:10:00.940',155,165,99,431,116,162,'2025-06-26 03:10:02.064',1124,'2025-06-26 03:10:02.080',1140,yes,yes,no
52.83.211.74,lzgd707f581064374ffe,3,'2025-06-26 03:10:01.032',153,175,126,332,113,164,'2025-06-26 03:10:02.080',1048,'2025-06-26 03:10:02.120',1088,yes,yes,no
52.83.211.74,lzgd729942220e6167a8,1,'2025-06-26 03:09:41.120',148,156,100,441,130,180,'2025-06-26 03:09:42.236',1116,'2025-06-26 03:09:42.257',1137,yes,yes,yes
52.83.211.74,lzgd729942220e6167a8,2,'2025-06-26 03:09:41.218',144,153,99,372,150,200,'2025-06-26 03:09:42.318',1100,'2025-06-26 03:09:42.337',1119,yes,yes,yes
52.83.211.74,lzgd729942220e6167a8,3,'2025-06-26 03:09:41.314',143,167,99,411,127,177,'2025-06-26 03:09:42.257',943,'2025-06-26 03:09:42.297',983,yes,yes,yes
52.83.211.74,lzgd73d598667c010462,1,'2025-06-26 03:09:33.089',150,169,99,439,113,163,'2025-06-26 03:09:34.182',1093,'2025-06-26 03:09:34.203',1114,yes,yes,yes
52.83.211.74,lzgd73d598667c010462,2,'2025-06-26 03:09:33.188',171,172,99,324,150,201,'2025-06-26 03:09:34.243',1055,'2025-06-26 03:09:34.283',1095,yes,yes,yes
52.83.211.74,lzgd73d598667c010462,3,'2025-06-26 03:09:33.287',143,175,99,384,118,169,'2025-06-26 03:09:34.202',915,'2025-06-26 03:09:34.243',956,yes,yes,yes
52.83.211.74,lzgd75a44bf008790b23,1,'2025-06-26 03:09:51.821',166,166,100,501,104,157,'2025-06-26 03:09:52.996',1175,'2025-06-26 03:09:53.017',1196,yes,yes,yes
52.83.211.74,lzgd75a44bf008790b23,2,'2025-06-26 03:09:51.923',145,176,99,374,120,170,'2025-06-26 03:09:53.017',1094,'2025-06-26 03:09:53.057',1134,yes,yes,yes
52.83.211.74,lzgd75a44bf008790b23,3,'2025-06-26 03:09:52.043',150,156,100,426,118,169,'2025-06-26 03:09:53.016',973,'2025-06-26 03:09:53.057',1014,yes,yes,yes
52.83.211.74,lzgd7ac8e7f6125ec5df,1,'2025-06-26 03:09:50.623',143,147,99,395,133,183,'2025-06-26 03:09:51.688',1065,'2025-06-26 03:09:51.708',1085,yes,yes,yes
52.83.211.74,lzgd7ac8e7f6125ec5df,2,'2025-06-26 03:09:50.724',131,168,99,311,110,160,'2025-06-26 03:09:51.708',984,'2025-06-26 03:09:51.748',1024,yes,yes,yes
52.83.211.74,lzgd7ac8e7f6125ec5df,3,'2025-06-26 03:09:50.819',151,159,99,346,132,182,'2025-06-26 03:09:51.708',889,'2025-06-26 03:09:51.748',929,yes,yes,yes
52.83.211.74,lzgd7b52c901742b016c,1,'2025-06-26 03:09:44.442',147,162,99,490,125,175,'2025-06-26 03:09:45.602',1160,'2025-06-26 03:09:45.622',1180,yes,yes,yes
52.83.211.74,lzgd7b52c901742b016c,2,'2025-06-26 03:09:44.543',136,162,99,411,112,162,'2025-06-26 03:09:45.622',1079,'2025-06-26 03:09:45.662',1119,yes,yes,yes
52.83.211.74,lzgd7b52c901742b016c,3,'2025-06-26 03:09:44.641',157,145,100,443,137,188,'2025-06-26 03:09:45.622',981,'2025-06-26 03:09:45.662',1021,yes,yes,yes
52.83.211.74,lzgd7b9e1d54687b616a,1,'2025-06-26 03:09:29.543',136,263,99,534,124,174,'2025-06-26 03:09:30.830',1287,'2025-06-26 03:09:30.870',1327,yes,yes,yes
52.83.211.74,lzgd7b9e1d54687b616a,2,'2025-06-26 03:09:29.642',151,143,99,538,142,192,'2025-06-26 03:09:30.870',1228,'2025-06-26 03:09:30.910',1268,yes,yes,yes
52.83.211.74,lzgd7b9e1d54687b616a,3,'2025-06-26 03:09:29.740',163,138,99,562,126,177,'2025-06-26 03:09:30.810',1070,'2025-06-26 03:09:30.830',1090,yes,yes,yes
52.83.211.74,lzgd7e364ee2c3f42271,1,'2025-06-26 03:09:54.090',146,149,99,527,152,203,'2025-06-26 03:09:55.324',1234,'2025-06-26 03:09:55.364',1274,yes,yes,yes
52.83.211.74,lzgd7e364ee2c3f42271,2,'2025-06-26 03:09:54.183',152,171,99,457,146,197,'2025-06-26 03:09:55.365',1182,'2025-06-26 03:09:55.404',1221,yes,yes,yes
52.83.211.74,lzgd7e364ee2c3f42271,3,'2025-06-26 03:09:54.286',146,155,99,513,112,163,'2025-06-26 03:09:55.304',1018,'2025-06-26 03:09:55.324',1038,yes,yes,yes
52.83.211.74,lzgd7e4aad2ded1b3ccb,1,'2025-06-26 03:09:59.905',172,163,99,476,148,199,'2025-06-26 03:10:01.149',1244,'2025-06-26 03:10:01.188',1283,yes,no,yes
52.83.211.74,lzgd7e4aad2ded1b3ccb,2,'2025-06-26 03:10:00.114',140,159,100,462,120,171,'2025-06-26 03:10:01.094',980,'2025-06-26 03:10:01.110',996,yes,no,yes
52.83.211.74,lzgd7e4aad2ded1b3ccb,3,'2025-06-26 03:10:00.136',141,146,99,458,125,175,'2025-06-26 03:10:01.109',973,'2025-06-26 03:10:01.148',1012,yes,no,yes
52.83.211.74,lzgd8024d47195731465,1,'2025-06-26 03:09:46.900',147,164,99,436,125,176,'2025-06-26 03:09:48.008',1108,'2025-06-26 03:09:48.028',1128,yes,yes,yes
52.83.211.74,lzgd8024d47195731465,2,'2025-06-26 03:09:47.000',149,164,99,371,150,201,'2025-06-26 03:09:48.068',1068,'2025-06-26 03:09:48.108',1108,yes,yes,yes
52.83.211.74,lzgd8024d47195731465,3,'2025-06-26 03:09:47.099',153,154,100,405,123,173,'2025-06-26 03:09:48.028',929,'2025-06-26 03:09:48.068',969,yes,yes,yes
52.83.211.74,lzgd802739c51eb0d598,1,'2025-06-26 03:09:55.305',139,181,100,469,122,173,'2025-06-26 03:09:56.453',1148,'2025-06-26 03:09:56.474',1169,yes,no,yes
52.83.211.74,lzgd802739c51eb0d598,2,'2025-06-26 03:09:55.400',142,143,100,398,126,177,'2025-06-26 03:09:56.474',1074,'2025-06-26 03:09:56.514',1114,yes,yes,yes
52.83.211.74,lzgd802739c51eb0d598,3,'2025-06-26 03:09:55.502',150,166,100,430,123,174,'2025-06-26 03:09:56.474',972,'2025-06-26 03:09:56.514',1012,yes,yes,yes
52.83.211.74,lzgd825c122f8151428c,1,'2025-06-26 03:09:38.130',170,163,100,411,110,160,'2025-06-26 03:09:39.217',1087,'2025-06-26 03:09:39.237',1107,yes,yes,yes
52.83.211.74,lzgd825c122f8151428c,2,'2025-06-26 03:09:38.228',158,154,100,331,112,162,'2025-06-26 03:09:39.237',1009,'2025-06-26 03:09:39.277',1049,yes,yes,yes
52.83.211.74,lzgd825c122f8151428c,3,'2025-06-26 03:09:38.327',163,165,99,354,134,185,'2025-06-26 03:09:39.237',910,'2025-06-26 03:09:39.277',950,yes,yes,yes
52.83.211.74,lzgd825d052613183654,1,'2025-06-26 03:09:47.797',144,163,100,496,144,195,'2025-06-26 03:09:49.001',1204,'2025-06-26 03:09:49.041',1244,yes,no,yes
52.83.211.74,lzgd825d052613183654,2,'2025-06-26 03:09:47.896',153,172,100,447,139,190,'2025-06-26 03:09:49.041',1145,'2025-06-26 03:09:49.081',1185,yes,no,yes
52.83.211.74,lzgd825d052613183654,3,'2025-06-26 03:09:47.994',142,164,99,468,123,174,'2025-06-26 03:09:48.981',987,'2025-06-26 03:09:49.001',1007,yes,yes,yes
52.83.211.74,lzgd831b22d89396adeb,1,'2025-06-26 03:09:53.482',153,180,99,531,122,172,'2025-06-26 03:09:54.759',1277,'2025-06-26 03:09:54.799',1317,yes,no,yes
52.83.211.74,lzgd831b22d89396adeb,2,'2025-06-26 03:09:53.581',151,160,100,488,109,160,'2025-06-26 03:09:54.759',1178,'2025-06-26 03:09:54.799',1218,yes,yes,yes
52.83.211.74,lzgd831b22d89396adeb,3,'2025-06-26 03:09:53.682',130,174,99,545,120,170,'2025-06-26 03:09:54.738',1056,'2025-06-26 03:09:54.759',1077,yes,no,no
52.83.211.74,lzgd8568dab2407a2268,1,'2025-06-26 03:09:34.566',142,151,99,549,101,152,'2025-06-26 03:09:35.757',1191,'2025-06-26 03:09:35.777',1211,yes,yes,yes
52.83.211.74,lzgd8568dab2407a2268,2,'2025-06-26 03:09:34.663',138,156,99,517,141,191,'2025-06-26 03:09:35.858',1195,'2025-06-26 03:09:35.897',1234,yes,yes,yes
52.83.211.74,lzgd8568dab2407a2268,3,'2025-06-26 03:09:34.761',135,151,99,552,105,155,'2025-06-26 03:09:35.797',1036,'2025-06-26 03:09:35.817',1056,yes,yes,yes
52.83.211.74,lzgd8ba6c167e2013a9d,1,'2025-06-26 03:09:29.838',153,207,99,517,110,160,'2025-06-26 03:09:31.058',1220,'2025-06-26 03:09:31.079',1241,yes,yes,yes
52.83.211.74,lzgd8ba6c167e2013a9d,2,'2025-06-26 03:09:29.936',134,181,99,463,103,153,'2025-06-26 03:09:31.079',1143,'2025-06-26 03:09:31.119',1183,yes,yes,yes
52.83.211.74,lzgd8ba6c167e2013a9d,3,'2025-06-26 03:09:30.034',140,151,99,541,126,176,'2025-06-26 03:09:31.079',1045,'2025-06-26 03:09:31.119',1085,yes,yes,yes
52.83.211.74,lzgd8e08ddfb596e97a2,1,'2025-06-26 03:09:58.205',148,179,100,484,135,185,'2025-06-26 03:09:59.391',1186,'2025-06-26 03:09:59.431',1226,yes,yes,yes
52.83.211.74,lzgd8e08ddfb596e97a2,2,'2025-06-26 03:09:58.309',141,154,99,387,109,160,'2025-06-26 03:09:59.371',1062,'2025-06-26 03:09:59.391',1082,yes,yes,yes
52.83.211.74,lzgd8e08ddfb596e97a2,3,'2025-06-26 03:09:58.488',176,168,99,346,142,193,'2025-06-26 03:09:59.431',943,'2025-06-26 03:09:59.471',983,yes,yes,yes
52.83.211.74,lzgd8e0dbbe13634c886,1,'2025-06-26 03:10:00.228',150,158,100,475,125,175,'2025-06-26 03:10:01.369',1141,'2025-06-26 03:10:01.389',1161,yes,yes,yes
52.83.211.74,lzgd8e0dbbe13634c886,2,'2025-06-26 03:10:00.328',127,161,99,385,111,162,'2025-06-26 03:10:01.390',1062,'2025-06-26 03:10:01.429',1101,yes,no,yes
52.83.211.74,lzgd8e0dbbe13634c886,3,'2025-06-26 03:10:00.429',161,152,99,415,131,182,'2025-06-26 03:10:01.390',961,'2025-06-26 03:10:01.430',1001,yes,yes,yes
52.83.211.74,lzgd8ed7679cac113027,1,'2025-06-26 03:09:40.228',139,160,99,523,131,182,'2025-06-26 03:09:41.438',1210,'2025-06-26 03:09:41.479',1251,yes,yes,yes
52.83.211.74,lzgd8ed7679cac113027,2,'2025-06-26 03:09:40.326',147,149,99,439,146,196,'2025-06-26 03:09:41.479',1153,'2025-06-26 03:09:41.518',1192,yes,yes,yes
52.83.211.74,lzgd8ed7679cac113027,3,'2025-06-26 03:09:40.425',134,144,99,502,129,180,'2025-06-26 03:09:41.418',993,'2025-06-26 03:09:41.438',1013,yes,yes,yes
52.83.211.74,lzgd8f89aaea34954859,1,'2025-06-26 03:09:42.651',141,183,99,472,123,173,'2025-06-26 03:09:43.814',1163,'2025-06-26 03:09:43.835',1184,yes,yes,yes
52.83.211.74,lzgd8f89aaea34954859,2,'2025-06-26 03:09:42.751',136,190,100,343,108,158,'2025-06-26 03:09:43.834',1083,'2025-06-26 03:09:43.874',1123,yes,yes,yes
52.83.211.74,lzgd8f89aaea34954859,3,'2025-06-26 03:09:42.853',163,170,100,417,129,179,'2025-06-26 03:09:43.834',981,'2025-06-26 03:09:43.874',1021,yes,no,yes
52.83.211.74,lzgd952781ce226f47ff,1,'2025-06-26 03:09:47.198',133,184,100,500,136,187,'2025-06-26 03:09:48.389',1191,'2025-06-26 03:09:48.429',1231,yes,yes,yes
52.83.211.74,lzgd952781ce226f47ff,2,'2025-06-26 03:09:47.296',151,161,100,410,151,201,'2025-06-26 03:09:48.429',1133,'2025-06-26 03:09:48.469',1173,yes,yes,yes
52.83.211.74,lzgd952781ce226f47ff,3,'2025-06-26 03:09:47.395',152,177,99,438,120,170,'2025-06-26 03:09:48.369',974,'2025-06-26 03:09:48.389',994,yes,yes,yes
52.83.211.74,lzgd961f01cd1834dfdc,1,'2025-06-26 03:09:44.146',134,142,99,439,145,195,'2025-06-26 03:09:45.287',1141,'2025-06-26 03:09:45.327',1181,yes,yes,yes
52.83.211.74,lzgd961f01cd1834dfdc,2,'2025-06-26 03:09:44.258',134,145,100,398,138,189,'2025-06-26 03:09:45.327',1069,'2025-06-26 03:09:45.367',1109,yes,yes,yes
52.83.211.74,lzgd961f01cd1834dfdc,3,'2025-06-26 03:09:44.344',151,162,99,406,120,170,'2025-06-26 03:09:45.267',923,'2025-06-26 03:09:45.287',943,yes,yes,yes
52.83.211.74,lzgd9af1bcaeac324a5c,1,'2025-06-26 03:09:58.824',154,153,100,445,138,189,'2025-06-26 03:10:00.010',1186,'2025-06-26 03:10:00.049',1225,yes,yes,yes
52.83.211.74,lzgd9af1bcaeac324a5c,2,'2025-06-26 03:09:58.923',148,151,99,416,111,161,'2025-06-26 03:10:00.009',1086,'2025-06-26 03:10:00.049',1126,yes,yes,yes
52.83.211.74,lzgd9af1bcaeac324a5c,3,'2025-06-26 03:09:59.034',139,134,99,463,115,166,'2025-06-26 03:10:00.015',981,'2025-06-26 03:10:00.015',981,yes,no,yes
52.83.211.74,lzgd9c3a80cee2088b0a,1,'2025-06-26 03:09:35.156',135,147,99,441,135,186,'2025-06-26 03:09:36.276',1120,'2025-06-26 03:09:36.296',1140,yes,yes,yes
52.83.211.74,lzgd9c3a80cee2088b0a,2,'2025-06-26 03:09:35.255',139,154,99,398,102,152,'2025-06-26 03:09:36.296',1041,'2025-06-26 03:09:36.336',1081,yes,yes,yes
52.83.211.74,lzgd9c3a80cee2088b0a,3,'2025-06-26 03:09:35.353',165,151,99,397,128,178,'2025-06-26 03:09:36.296',943,'2025-06-26 03:09:36.336',983,yes,yes,yes
52.83.211.74,lzgd9dd1a96de64a38fb,1,'2025-06-26 03:09:31.315',174,150,99,503,111,162,'2025-06-26 03:09:32.494',1179,'2025-06-26 03:09:32.514',1199,yes,yes,yes
52.83.211.74,lzgd9dd1a96de64a38fb,2,'2025-06-26 03:09:31.413',136,150,99,432,113,163,'2025-06-26 03:09:32.534',1121,'2025-06-26 03:09:32.554',1141,yes,yes,yes
52.83.211.74,lzgd9dd1a96de64a38fb,3,'2025-06-26 03:09:31.511',136,167,99,490,127,178,'2025-06-26 03:09:32.514',1003,'2025-06-26 03:09:32.554',1043,yes,yes,yes
52.83.211.74,lzgda12423ae4ffa8f8d,1,'2025-06-26 03:09:49.424',165,179,100,515,107,158,'2025-06-26 03:09:50.632',1208,'2025-06-26 03:09:50.652',1228,yes,yes,yes
52.83.211.74,lzgda12423ae4ffa8f8d,2,'2025-06-26 03:09:49.521',137,168,99,483,111,162,'2025-06-26 03:09:50.672',1151,'2025-06-26 03:09:50.692',1171,yes,yes,yes
52.83.211.74,lzgda12423ae4ffa8f8d,3,'2025-06-26 03:09:49.622',162,150,100,510,126,177,'2025-06-26 03:09:50.672',1050,'2025-06-26 03:09:50.692',1070,yes,yes,yes
52.83.211.74,lzgda5649e64e9f899e3,1,'2025-06-26 03:09:38.427',132,149,99,505,128,178,'2025-06-26 03:09:39.585',1158,'2025-06-26 03:09:39.625',1198,yes,yes,yes
52.83.211.74,lzgda5649e64e9f899e3,2,'2025-06-26 03:09:38.526',147,170,99,375,115,165,'2025-06-26 03:09:39.565',1039,'2025-06-26 03:09:39.585',1059,yes,yes,yes
52.83.211.74,lzgda5649e64e9f899e3,3,'2025-06-26 03:09:38.626',141,145,99,470,144,195,'2025-06-26 03:09:39.625',999,'2025-06-26 03:09:39.665',1039,yes,yes,yes
52.83.211.74,lzgda5bf3c222722e0aa,1,'2025-06-26 03:09:48.393',163,165,103,471,133,183,'2025-06-26 03:09:49.571',1178,'2025-06-26 03:09:49.611',1218,yes,yes,yes
52.83.211.74,lzgda5bf3c222722e0aa,2,'2025-06-26 03:09:48.489',149,151,100,394,135,185,'2025-06-26 03:09:49.551',1062,'2025-06-26 03:09:49.571',1082,yes,yes,yes
52.83.211.74,lzgda5bf3c222722e0aa,3,'2025-06-26 03:09:48.591',145,161,100,449,121,171,'2025-06-26 03:09:49.571',980,'2025-06-26 03:09:49.611',1020,yes,yes,yes
52.83.211.74,lzgda803ad6d9615601c,1,'2025-06-26 03:09:42.355',142,150,100,455,122,173,'2025-06-26 03:09:43.481',1126,'2025-06-26 03:09:43.501',1146,yes,yes,yes
52.83.211.74,lzgda803ad6d9615601c,2,'2025-06-26 03:09:42.453',174,162,99,339,124,175,'2025-06-26 03:09:43.502',1049,'2025-06-26 03:09:43.541',1088,yes,yes,yes
52.83.211.74,lzgda803ad6d9615601c,3,'2025-06-26 03:09:42.552',157,182,101,402,116,166,'2025-06-26 03:09:43.502',950,'2025-06-26 03:09:43.541',989,yes,yes,yes
52.83.211.74,lzgdab5eb865fdb272fa,1,'2025-06-26 03:09:59.604',147,209,100,482,141,192,'2025-06-26 03:10:00.855',1251,'2025-06-26 03:10:00.894',1290,yes,no,no
52.83.211.74,lzgdab5eb865fdb272fa,2,'2025-06-26 03:09:59.709',142,165,99,440,146,196,'2025-06-26 03:10:00.895',1186,'2025-06-26 03:10:00.935',1226,yes,no,yes
52.83.211.74,lzgdab5eb865fdb272fa,3,'2025-06-26 03:09:59.810',168,177,99,477,112,163,'2025-06-26 03:10:00.834',1024,'2025-06-26 03:10:00.854',1044,yes,yes,yes
52.83.211.74,lzgdace8fde600c664d2,1,'2025-06-26 03:09:52.882',134,180,99,482,126,176,'2025-06-26 03:09:54.089',1207,'2025-06-26 03:09:54.108',1226,yes,yes,yes
52.83.211.74,lzgdace8fde600c664d2,2,'2025-06-26 03:09:52.988',182,172,100,399,110,161,'2025-06-26 03:09:54.108',1120,'2025-06-26 03:09:54.148',1160,yes,yes,no
52.83.211.74,lzgdace8fde600c664d2,3,'2025-06-26 03:09:53.083',168,155,100,471,136,186,'2025-06-26 03:09:54.108',1025,'2025-06-26 03:09:54.148',1065,yes,yes,no
52.83.211.74,lzgdb2b3e56a97158f05,1,'2025-06-26 03:09:48.094',131,149,99,492,108,158,'2025-06-26 03:09:49.198',1104,'2025-06-26 03:09:49.218',1124,yes,yes,yes
52.83.211.74,lzgdb2b3e56a97158f05,2,'2025-06-26 03:09:48.194',136,155,99,385,111,162,'2025-06-26 03:09:49.238',1044,'2025-06-26 03:09:49.258',1064,yes,yes,yes
52.83.211.74,lzgdb2b3e56a97158f05,3,'2025-06-26 03:09:48.293',164,169,99,394,118,168,'2025-06-26 03:09:49.238',945,'2025-06-26 03:09:49.258',965,yes,yes,yes
52.83.211.74,lzgdb319aabff61093cc,1,'2025-06-26 03:09:41.714',148,153,99,465,125,175,'2025-06-26 03:09:42.869',1155,'2025-06-26 03:09:42.889',1175,yes,yes,yes
52.83.211.74,lzgdb319aabff61093cc,2,'2025-06-26 03:09:41.812',165,170,99,382,102,152,'2025-06-26 03:09:42.889',1077,'2025-06-26 03:09:42.929',1117,yes,yes,yes
52.83.211.74,lzgdb319aabff61093cc,3,'2025-06-26 03:09:41.910',159,140,99,468,113,164,'2025-06-26 03:09:42.889',979,'2025-06-26 03:09:42.929',1019,yes,yes,yes
52.83.211.74,lzgdb33762629e1dbf00,1,'2025-06-26 03:09:31.019',175,179,99,546,113,164,'2025-06-26 03:09:32.271',1252,'2025-06-26 03:09:32.291',1272,yes,yes,yes
52.83.211.74,lzgdb33762629e1dbf00,2,'2025-06-26 03:09:31.118',141,175,99,509,110,160,'2025-06-26 03:09:32.292',1174,'2025-06-26 03:09:32.331',1213,yes,yes,yes
52.83.211.74,lzgdb33762629e1dbf00,3,'2025-06-26 03:09:31.216',155,151,99,548,117,167,'2025-06-26 03:09:32.292',1076,'2025-06-26 03:09:32.331',1115,yes,yes,yes
52.83.211.74,lzgdb37c905b4b1ff56f,1,'2025-06-26 03:09:46.304',135,171,99,493,127,178,'2025-06-26 03:09:47.474',1170,'2025-06-26 03:09:47.495',1191,yes,yes,yes
52.83.211.74,lzgdb37c905b4b1ff56f,2,'2025-06-26 03:09:46.403',132,180,99,412,140,190,'2025-06-26 03:09:47.535',1132,'2025-06-26 03:09:47.575',1172,yes,yes,yes
52.83.211.74,lzgdb37c905b4b1ff56f,3,'2025-06-26 03:09:46.506',166,156,99,471,139,190,'2025-06-26 03:09:47.535',1029,'2025-06-26 03:09:47.575',1069,yes,yes,yes
52.83.211.74,lzgdb8da9aaffa969c7e,1,'2025-06-26 03:09:37.537',151,146,100,494,138,189,'2025-06-26 03:09:38.701',1164,'2025-06-26 03:09:38.741',1204,yes,yes,yes
52.83.211.74,lzgdb8da9aaffa969c7e,2,'2025-06-26 03:09:37.635',165,152,100,388,115,165,'2025-06-26 03:09:38.701',1066,'2025-06-26 03:09:38.741',1106,yes,yes,yes
52.83.211.74,lzgdb8da9aaffa969c7e,3,'2025-06-26 03:09:37.736',143,149,100,451,116,166,'2025-06-26 03:09:38.681',945,'2025-06-26 03:09:38.701',965,yes,yes,yes
52.83.211.74,lzgdb9198f3ec7950e73,1,'2025-06-26 03:09:53.186',138,144,100,396,138,188,'2025-06-26 03:09:54.303',1117,'2025-06-26 03:09:54.343',1157,yes,yes,no
52.83.211.74,lzgdb9198f3ec7950e73,2,'2025-06-26 03:09:53.281',161,143,99,341,114,164,'2025-06-26 03:09:54.303',1022,'2025-06-26 03:09:54.343',1062,yes,yes,no
52.83.211.74,lzgdb9198f3ec7950e73,3,'2025-06-26 03:09:53.381',131,147,99,401,134,184,'2025-06-26 03:09:54.282',901,'2025-06-26 03:09:54.303',922,yes,yes,yes
52.83.211.74,lzgdb969f47b2309bba0,1,'2025-06-26 03:09:34.860',150,155,99,474,119,169,'2025-06-26 03:09:36.019',1159,'2025-06-26 03:09:36.059',1199,yes,yes,yes
52.83.211.74,lzgdb969f47b2309bba0,2,'2025-06-26 03:09:34.959',138,155,99,404,115,165,'2025-06-26 03:09:36.019',1060,'2025-06-26 03:09:36.060',1101,yes,yes,yes
52.83.211.74,lzgdb969f47b2309bba0,3,'2025-06-26 03:09:35.059',137,160,99,451,109,159,'2025-06-26 03:09:35.999',940,'2025-06-26 03:09:36.020',961,yes,yes,yes
52.83.211.74,lzgdbc705818362a17b3,1,'2025-06-26 03:09:54.379',145,170,99,535,123,174,'2025-06-26 03:09:55.606',1227,'2025-06-26 03:09:55.647',1268,yes,yes,yes
52.83.211.74,lzgdbc705818362a17b3,2,'2025-06-26 03:09:54.482',151,158,99,431,140,191,'2025-06-26 03:09:55.647',1165,'2025-06-26 03:09:55.687',1205,yes,yes,yes
52.83.211.74,lzgdbc705818362a17b3,3,'2025-06-26 03:09:54.586',145,158,99,485,125,175,'2025-06-26 03:09:55.586',1000,'2025-06-26 03:09:55.607',1021,yes,yes,yes
52.83.211.74,lzgdbe1eae95a564cc8b,1,'2025-06-26 03:09:33.680',147,164,99,450,119,169,'2025-06-26 03:09:34.807',1127,'2025-06-26 03:09:34.827',1147,yes,yes,yes
52.83.211.74,lzgdbe1eae95a564cc8b,2,'2025-06-26 03:09:33.778',131,162,99,388,117,168,'2025-06-26 03:09:34.827',1049,'2025-06-26 03:09:34.867',1089,yes,yes,yes
52.83.211.74,lzgdbe1eae95a564cc8b,3,'2025-06-26 03:09:33.876',186,183,99,386,110,160,'2025-06-26 03:09:34.827',951,'2025-06-26 03:09:34.867',991,yes,yes,yes
52.83.211.74,lzgdc364318695ef034e,1,'2025-06-26 03:09:37.242',137,169,99,472,126,177,'2025-06-26 03:09:38.420',1178,'2025-06-26 03:09:38.460',1218,yes,yes,yes
52.83.211.74,lzgdc364318695ef034e,2,'2025-06-26 03:09:37.340',149,147,99,418,119,170,'2025-06-26 03:09:38.420',1080,'2025-06-26 03:09:38.460',1120,yes,yes,yes
52.83.211.74,lzgdc364318695ef034e,3,'2025-06-26 03:09:37.437',133,178,99,461,106,157,'2025-06-26 03:09:38.400',963,'2025-06-26 03:09:38.420',983,yes,yes,yes
52.83.211.74,lzgdc6923a31e4944471,1,'2025-06-26 03:09:56.993',147,162,99,514,105,156,'2025-06-26 03:09:58.161',1168,'2025-06-26 03:09:58.181',1188,yes,yes,yes
52.83.211.74,lzgdc6923a31e4944471,2,'2025-06-26 03:09:57.100',140,157,100,396,112,162,'2025-06-26 03:09:58.202',1102,'2025-06-26 03:09:58.223',1123,yes,no,yes
52.83.211.74,lzgdc6923a31e4944471,3,'2025-06-26 03:09:57.197',139,145,100,479,132,182,'2025-06-26 03:09:58.201',1004,'2025-06-26 03:09:58.223',1026,yes,yes,yes
52.83.211.74,lzgdc70791df825814bd,1,'2025-06-26 03:09:57.903',126,167,100,452,134,185,'2025-06-26 03:09:59.062',1159,'2025-06-26 03:09:59.082',1179,yes,yes,yes
52.83.211.74,lzgdc70791df825814bd,2,'2025-06-26 03:09:58.006',164,188,99,322,116,167,'2025-06-26 03:09:59.082',1076,'2025-06-26 03:09:59.122',1116,yes,yes,no
52.83.211.74,lzgdc70791df825814bd,3,'2025-06-26 03:09:58.103',157,167,99,407,125,176,'2025-06-26 03:09:59.082',979,'2025-06-26 03:09:59.122',1019,yes,yes,yes
52.83.211.74,lzgdc8d027a37adf777e,1,'2025-06-26 03:09:50.922',164,162,100,438,151,201,'2025-06-26 03:09:52.094',1172,'2025-06-26 03:09:52.134',1212,yes,yes,yes
52.83.211.74,lzgdc8d027a37adf777e,2,'2025-06-26 03:09:51.020',150,206,99,348,105,155,'2025-06-26 03:09:52.094',1074,'2025-06-26 03:09:52.134',1114,yes,yes,yes
52.83.211.74,lzgdc8d027a37adf777e,3,'2025-06-26 03:09:51.117',135,182,99,433,120,170,'2025-06-26 03:09:52.074',957,'2025-06-26 03:09:52.094',977,yes,yes,yes
52.83.211.74,lzgdcc99c4342b536c99,1,'2025-06-26 03:09:57.600',153,158,99,484,141,192,'2025-06-26 03:09:58.805',1205,'2025-06-26 03:09:58.845',1245,yes,yes,yes
52.83.211.74,lzgdcc99c4342b536c99,2,'2025-06-26 03:09:57.700',140,164,99,410,118,168,'2025-06-26 03:09:58.806',1106,'2025-06-26 03:09:58.845',1145,yes,yes,yes
52.83.211.74,lzgdcc99c4342b536c99,3,'2025-06-26 03:09:57.800',137,181,100,461,116,166,'2025-06-26 03:09:58.785',985,'2025-06-26 03:09:58.805',1005,yes,yes,yes
52.83.211.74,lzgdccad8e2e73d68051,1,'2025-06-26 03:09:56.087',145,149,100,482,143,193,'2025-06-26 03:09:57.307',1220,'2025-06-26 03:09:57.347',1260,yes,yes,yes
52.83.211.74,lzgdccad8e2e73d68051,2,'2025-06-26 03:09:56.186',161,167,100,397,115,165,'2025-06-26 03:09:57.307',1121,'2025-06-26 03:09:57.347',1161,yes,yes,yes
52.83.211.74,lzgdccad8e2e73d68051,3,'2025-06-26 03:09:56.294',153,163,99,461,126,177,'2025-06-26 03:09:57.287',993,'2025-06-26 03:09:57.307',1013,yes,yes,yes
52.83.211.74,lzgdce591cb55f5386b9,1,'2025-06-26 03:10:00.532',206,164,99,407,151,202,'2025-06-26 03:10:01.736',1204,'2025-06-26 03:10:01.769',1237,yes,no,yes
52.83.211.74,lzgdce591cb55f5386b9,2,'2025-06-26 03:10:00.631',129,149,100,437,129,181,'2025-06-26 03:10:01.738',1107,'2025-06-26 03:10:01.738',1107,yes,no,no
52.83.211.74,lzgdce591cb55f5386b9,3,'2025-06-26 03:10:00.726',145,160,100,437,154,204,'2025-06-26 03:10:01.737',1011,'2025-06-26 03:10:01.769',1043,yes,no,yes
52.83.211.74,lzgdd2a16c1dcbfb5cc4,1,'2025-06-26 03:09:56.690',152,140,100,476,123,174,'2025-06-26 03:09:57.860',1170,'2025-06-26 03:09:57.880',1190,yes,yes,yes
52.83.211.74,lzgdd2a16c1dcbfb5cc4,2,'2025-06-26 03:09:56.831',138,166,99,378,113,164,'2025-06-26 03:09:57.900',1069,'2025-06-26 03:09:57.920',1089,yes,no,yes
52.83.211.74,lzgdd2a16c1dcbfb5cc4,3,'2025-06-26 03:09:56.895',135,163,99,476,116,167,'2025-06-26 03:09:57.880',985,'2025-06-26 03:09:57.920',1025,yes,yes,yes
52.83.211.74,lzgdd364e75a1362cd9c,1,'2025-06-26 03:09:33.976',130,149,99,491,138,188,'2025-06-26 03:09:35.133',1157,'2025-06-26 03:09:35.173',1197,yes,yes,yes
52.83.211.74,lzgdd364e75a1362cd9c,2,'2025-06-26 03:09:34.073',160,168,99,376,112,163,'2025-06-26 03:09:35.133',1060,'2025-06-26 03:09:35.174',1101,yes,yes,yes
52.83.211.74,lzgdd364e75a1362cd9c,3,'2025-06-26 03:09:34.173',150,160,99,427,119,170,'2025-06-26 03:09:35.113',940,'2025-06-26 03:09:35.133',960,yes,yes,yes
52.83.211.74,lzgdd856ff4baf7882ed,1,'2025-06-26 03:09:30.429',128,188,99,501,125,175,'2025-06-26 03:09:31.622',1193,'2025-06-26 03:09:31.662',1233,yes,yes,yes
52.83.211.74,lzgdd856ff4baf7882ed,2,'2025-06-26 03:09:30.527',152,153,99,358,114,164,'2025-06-26 03:09:31.622',1095,'2025-06-26 03:09:31.662',1135,yes,yes,yes
52.83.211.74,lzgdd856ff4baf7882ed,3,'2025-06-26 03:09:30.625',128,158,100,487,122,172,'2025-06-26 03:09:31.602',977,'2025-06-26 03:09:31.622',997,yes,yes,yes
52.83.211.74,lzgddd8e6c8fc1ec0b39,1,'2025-06-26 03:09:46.007',154,162,99,413,123,173,'2025-06-26 03:09:47.140',1133,'2025-06-26 03:09:47.160',1153,yes,yes,yes
52.83.211.74,lzgddd8e6c8fc1ec0b39,2,'2025-06-26 03:09:46.105',135,187,100,367,150,200,'2025-06-26 03:09:47.201',1096,'2025-06-26 03:09:47.240',1135,yes,yes,yes
52.83.211.74,lzgddd8e6c8fc1ec0b39,3,'2025-06-26 03:09:46.206',149,170,99,426,105,156,'2025-06-26 03:09:47.160',954,'2025-06-26 03:09:47.201',995,yes,yes,yes
52.83.211.74,lzgdddc97fa5598d6b2d,1,'2025-06-26 03:09:31.906',136,163,99,511,101,151,'2025-06-26 03:09:33.053',1147,'2025-06-26 03:09:33.074',1168,yes,yes,yes
52.83.211.74,lzgdddc97fa5598d6b2d,2,'2025-06-26 03:09:32.004',149,176,99,409,146,196,'2025-06-26 03:09:33.134',1130,'2025-06-26 03:09:33.154',1150,yes,yes,yes
52.83.211.74,lzgdddc97fa5598d6b2d,3,'2025-06-26 03:09:32.103',156,166,99,435,124,175,'2025-06-26 03:09:33.073',970,'2025-06-26 03:09:33.113',1010,yes,yes,yes
52.83.211.74,lzgddebb8134a5883e63,1,'2025-06-26 03:10:02.508',139,179,99,476,122,172,'2025-06-26 03:10:03.746',1238,'2025-06-26 03:10:03.785',1277,yes,yes,no
52.83.211.74,lzgddebb8134a5883e63,2,'2025-06-26 03:10:02.582',154,168,106,420,134,184,'2025-06-26 03:10:03.726',1144,'2025-06-26 03:10:03.746',1164,yes,no,no
52.83.211.74,lzgddebb8134a5883e63,3,'2025-06-26 03:10:02.675',158,177,149,353,144,196,'2025-06-26 03:10:03.786',1111,'2025-06-26 03:10:03.825',1150,yes,yes,no
52.83.211.74,lzgde0db7ce2073c125e,1,'2025-06-26 03:09:36.057',172,144,99,466,117,167,'2025-06-26 03:09:37.186',1129,'2025-06-26 03:09:37.206',1149,yes,yes,yes
52.83.211.74,lzgde0db7ce2073c125e,2,'2025-06-26 03:09:36.155',139,146,99,432,141,192,'2025-06-26 03:09:37.267',1112,'2025-06-26 03:09:37.286',1131,yes,yes,yes
52.83.211.74,lzgde0db7ce2073c125e,3,'2025-06-26 03:09:36.253',164,157,100,440,151,151,'2025-06-26 03:09:37.206',953,'2025-06-26 03:09:37.247',994,yes,yes,yes
52.83.211.74,lzgde1b910557126d1bc,1,'2025-06-26 03:09:32.500',154,156,99,400,119,169,'2025-06-26 03:09:33.595',1095,'2025-06-26 03:09:33.615',1115,yes,yes,yes
52.83.211.74,lzgde1b910557126d1bc,2,'2025-06-26 03:09:32.598',147,148,99,338,118,169,'2025-06-26 03:09:33.615',1017,'2025-06-26 03:09:33.655',1057,yes,yes,yes
52.83.211.74,lzgde1b910557126d1bc,3,'2025-06-26 03:09:32.697',172,160,99,365,125,176,'2025-06-26 03:09:33.615',918,'2025-06-26 03:09:33.655',958,yes,yes,yes
52.83.211.74,lzgde22f5a5c0f334760,1,'2025-06-26 03:09:31.610',144,159,99,486,139,189,'2025-06-26 03:09:32.777',1167,'2025-06-26 03:09:32.817',1207,yes,yes,yes
52.83.211.74,lzgde22f5a5c0f334760,2,'2025-06-26 03:09:31.709',147,147,99,423,145,195,'2025-06-26 03:09:32.818',1109,'2025-06-26 03:09:32.857',1148,yes,yes,yes
52.83.211.74,lzgde22f5a5c0f334760,3,'2025-06-26 03:09:31.807',157,144,99,455,111,161,'2025-06-26 03:09:32.757',950,'2025-06-26 03:09:32.777',970,yes,yes,yes
52.83.211.74,lzgde41cd2c8347571fc,1,'2025-06-26 03:09:33.386',166,147,100,476,108,159,'2025-06-26 03:09:34.538',1152,'2025-06-26 03:09:34.558',1172,yes,yes,yes
52.83.211.74,lzgde41cd2c8347571fc,2,'2025-06-26 03:09:33.485',140,145,99,447,107,157,'2025-06-26 03:09:34.578',1093,'2025-06-26 03:09:34.598',1113,yes,yes,yes
52.83.211.74,lzgde41cd2c8347571fc,3,'2025-06-26 03:09:33.587',143,150,99,474,128,178,'2025-06-26 03:09:34.578',991,'2025-06-26 03:09:34.598',1011,yes,yes,yes
52.83.211.74,lzgde792c58984114268,1,'2025-06-26 03:09:30.133',132,155,99,477,145,195,'2025-06-26 03:09:31.284',1151,'2025-06-26 03:09:31.324',1191,yes,yes,yes
52.83.211.74,lzgde792c58984114268,2,'2025-06-26 03:09:30.232',134,182,99,368,113,163,'2025-06-26 03:09:31.284',1052,'2025-06-26 03:09:31.324',1092,yes,yes,yes
52.83.211.74,lzgde792c58984114268,3,'2025-06-26 03:09:30.330',159,150,99,432,111,161,'2025-06-26 03:09:31.264',934,'2025-06-26 03:09:31.284',954,yes,yes,yes
52.83.211.74,lzgdf0345dc9a1772781,1,'2025-06-26 03:10:03.606',144,171,99,449,136,186,'2025-06-26 03:10:04.822',1216,'2025-06-26 03:10:04.861',1255,yes,no,no
52.83.211.74,lzgdf0345dc9a1772781,2,'2025-06-26 03:10:03.702',146,199,201,337,132,183,'2025-06-26 03:10:04.800',1098,'2025-06-26 03:10:04.821',1119,yes,no,no
52.83.211.74,lzgdf0345dc9a1772781,3,'2025-06-26 03:10:03.800',166,193,117,189,115,165,'2025-06-26 03:10:04.822',1022,'2025-06-26 03:10:04.862',1062,yes,no,no
52.83.211.74,lzgdf0963cb6f8031ed7,1,'2025-06-26 03:09:44.743',152,184,99,383,121,172,'2025-06-26 03:09:45.869',1126,'2025-06-26 03:09:45.909',1166,yes,yes,yes
52.83.211.74,lzgdf0963cb6f8031ed7,2,'2025-06-26 03:09:44.839',148,150,99,369,107,157,'2025-06-26 03:09:45.869',1030,'2025-06-26 03:09:45.909',1070,yes,yes,yes
52.83.211.74,lzgdf0963cb6f8031ed7,3,'2025-06-26 03:09:44.941',136,149,99,409,128,178,'2025-06-26 03:09:45.849',908,'2025-06-26 03:09:45.869',928,yes,yes,yes
52.83.211.74,lzgdf832e982b92ddb91,1,'2025-06-26 03:09:42.950',133,146,99,444,149,199,'2025-06-26 03:09:44.087',1137,'2025-06-26 03:09:44.127',1177,yes,yes,yes
52.83.211.74,lzgdf832e982b92ddb91,2,'2025-06-26 03:09:43.053',134,183,99,345,105,156,'2025-06-26 03:09:44.087',1034,'2025-06-26 03:09:44.127',1074,yes,yes,yes
52.83.211.74,lzgdf832e982b92ddb91,3,'2025-06-26 03:09:43.155',152,171,99,398,107,158,'2025-06-26 03:09:44.066',911,'2025-06-26 03:09:44.087',932,yes,yes,yes
52.83.211.74,lzgdfa35671c595cd064,1,'2025-06-26 03:09:47.500',151,164,99,401,123,173,'2025-06-26 03:09:48.576',1076,'2025-06-26 03:09:48.596',1096,yes,yes,yes
52.83.211.74,lzgdfa35671c595cd064,2,'2025-06-26 03:09:47.595',140,142,99,362,112,162,'2025-06-26 03:09:48.597',1002,'2025-06-26 03:09:48.636',1041,yes,no,yes
52.83.211.74,lzgdfa35671c595cd064,3,'2025-06-26 03:09:47.693',149,146,99,398,120,170,'2025-06-26 03:09:48.596',903,'2025-06-26 03:09:48.636',943,yes,yes,yes
